{
	"info": {
		"_postman_id": "67c212c6-7419-4908-929d-9692378c7b0b",
		"name": "Udacity Regression Test Suit",
		"schema": "https://schema.getpostman.com/json/collection/v2.1.0/collection.json"
	},
	"item": [
		{
			"name": "Create Product",
			"event": [
				{
					"listen": "test",
					"script": {
						"exec": [
							"pm.test(\"Successful response\", function () {",
							"    pm.expect(pm.response.code).to.eq(200);",
							"});"
						],
						"type": "text/javascript"
					}
				}
			],
			"request": {
				"method": "POST",
				"header": [],
				"body": {
					"mode": "raw",
					"raw": "{\n    \"title\": \"{{title}}\",\n    \"price\": \"{{price}}\",\n    \"stock\": \"{{stock}}\"\n}",
					"options": {
						"raw": {
							"language": "json"
						}
					}
				},
				"url": {
					"raw": "{{url}}/products/add",
					"host": [
						"{{url}}"
					],
					"path": [
						"products",
						"add"
					]
				}
			},
			"response": []
		},
		{
			"name": "Get All Products",
			"event": [
				{
					"listen": "test",
					"script": {
						"exec": [
							"pm.test(\"Successful response\", function () {",
							"    pm.expect(pm.response.code).to.eq(200);",
							"});"
						],
						"type": "text/javascript"
					}
				}
			],
			"request": {
				"method": "GET",
				"header": [],
				"url": {
					"raw": "{{url}}/products",
					"host": [
						"{{url}}"
					],
					"path": [
						"products"
					]
				}
			},
			"response": []
		},
		{
			"name": "Get Product",
			"event": [
				{
					"listen": "test",
					"script": {
						"exec": [
							"pm.test(\"Successful response\", function () {",
							"    pm.expect(pm.response.code).to.eq(200);",
							"});"
						],
						"type": "text/javascript"
					}
				}
			],
			"request": {
				"method": "GET",
				"header": [],
				"url": {
					"raw": "{{url}}/products/{{id}}",
					"host": [
						"{{url}}"
					],
					"path": [
						"products",
						"{{id}}"
					]
				},
				"description": "Get a single employee data"
			},
			"response": []
		},
		{
			"name": "Update Product",
			"event": [
				{
					"listen": "test",
					"script": {
						"exec": [
							"pm.test(\"Successful response\", function () {",
							"    pm.expect(pm.response.code).to.eq(200);",
							"});"
						],
						"type": "text/javascript"
					}
				}
			],
			"request": {
				"method": "PUT",
				"header": [],
				"body": {
					"mode": "raw",
					"raw": "{\n    \"title\": \"{{new_title}}\",\n    \"price\": \"{{new_price}}\",\n    \"stock\": \"{{new_stock}}\"\n}",
					"options": {
						"raw": {
							"language": "json"
						}
					}
				},
				"url": {
					"raw": "{{url}}/products/{{id}}",
					"host": [
						"{{url}}"
					],
					"path": [
						"products",
						"{{id}}"
					]
				},
				"description": "Update an employee record"
			},
			"response": []
		},
		{
			"name": "Delete Product",
			"event": [
				{
					"listen": "test",
					"script": {
						"exec": [
							"pm.test(\"Successful response\", function () {",
							"    pm.expect(pm.response.code).to.eq(200);",
							"});"
						],
						"type": "text/javascript"
					}
				}
			],
			"request": {
				"method": "DELETE",
				"header": [],
				"url": {
					"raw": "{{url}}/products/{{id}}",
					"host": [
						"{{url}}"
					],
					"path": [
						"products",
						"{{id}}"
					]
				},
				"description": "Delete an employee record"
			},
			"response": []
		}
	],
	"event": [
		{
			"listen": "prerequest",
			"script": {
				"type": "text/javascript",
				"exec": [
					""
				]
			}
		},
		{
			"listen": "test",
			"script": {
				"type": "text/javascript",
				"exec": [
					""
				]
			}
		}
	]
}